﻿Designator,Footprint,Quantity,Value,LCSC Part #
"'""1, -_1, /1, 0)1, 1!1, 2@1, 3#1, 4$1, 5%1, 6^1, 7&1, 8*1, 9(1, ;:1, <,1, =+1, >.1, A1, B1, BACKSPACE1, BACKSPACE2, C1, CMD1, CMD2, CONTROL1, D1, DEL1, DEL2, DOWN1, E1, ENTER1, ESC1, F1, F10, F11, F12, F13, F2, F3, F4, F5, F6, F7, F8, F9, FN1, G1, H1, I1, J1, K1, L1, LEFT1, M1, N1, O1, OPTION1, P1, Q1, R1, RIGHT1, S1, SHIFT4, T1, U2, UP1, V1, W1, X1, Y1, Z1, [{1, ]}1, `~1",Hotswap_Choc_V1_1.00u,74,Keyswitch,
"'""DIODE1, -_DIODE1, /?DIODE1, 0)DIODE1, 1!DIODE1, 2@DIODE1, 3#DIODE1, 4$DIODE1, 5%DIODE1, 6^DIODE1, 7&DIODE1, 8*DIODE1, 9(DIODE1, ;:DIODE1, <,DIODE1, =+DIODE1, >.DIODE1, ADIODE1, BACKSPACEDIODE1, BACKSPACEDIODE2, BDIODE1, CAPSLOCKDIODE1, CDIODE1, CMDDIODE1, CMDDIODE2, CONTROLDIODE1, DDIODE1, DELDIODE1, DELDIODE2, DOWNDIODE1, EDIODE1, ENTERDIODE1, ENTERDIODE2, ESCDIODE1, F10DIODE1, F11DIODE1, F12DIODE1, F1DIODE1, F2DIODE1, F3DIODE1, F4DIODE1, F5DIODE1, F6DIODE1, F7DIODE1, F8DIODE1, F9DIODE1, FDIODE1, FNDIODE1, GDIODE1, HDIODE1, IDIODE1, JDIODE1, KDIODE1, LDIODE1, LEFTDIODE1, MDIODE1, NDIODE1, ODIODE1, OPTIONDIODE1, PDIODE1, QDIODE1, RDIODE1, RIGHTDIODE1, SDIODE1, SHIFTDIODE1, SHIFTDIODE2, SHIFTDIODE3, SHIFTDIODE4, SPACEDIODE1, SPACEDIODE2, SPACEDIODE3, SPACEDIODE4, TABDIODE1, TDIODE1, UDIODE1, UPDIODE1, VDIODE1, WDIODE1, XDIODE1, YDIODE1, ZDIODE1, [{DIODE1, \|DIODE1, ]}DIODE1, `~DIODE1",Diode_DO-35,85,Diode,
CAPSLOCK1,Hotswap_Choc_V1_1.75u,1,Keyswitch,
"ENTER2, SHIFT1, SHIFT2",Hotswap_Choc_V1_1.25u,3,Keyswitch,
"SHIFT3, SPACE1, SPACE2, SPACE3, SPACE4, TAB1, \|1",Hotswap_Choc_V1_1.50u,7,Keyswitch,
U1,Raspberry_Pi_Pico,1,Raspberry_Pi_Pico,
